,CAL1,CMH1,EC01,EGC1,FNG1,NX01
2023_1,409.2016381084119,330.7819785530199,76.44158212582913,0.0,0.0,0.0
2023_2,367.473543848855,344.9106646861088,78.40807579881881,0.0,0.0,0.0
2023_3,283.92336063663737,334.7631246242331,111.64613499722087,194.24108523043955,0.0,0.0
2023_4,291.45882868027263,353.45814831516805,64.5355873542347,139.86252967872306,0.0,0.0
2023_5,374.0682051296027,331.11166093009007,461.0585223462095,120.66945518672921,0.0,0.0
2023_6,345.9678811113403,328.8338701647296,153.5328409205572,135.88047365162132,0.0,0.0
